id,name
0009,['0009_c3_025293484.jpg']
0013,['0013_c1_076421018.jpg']
0025,['0025_c6_052008291.jpg']
0044,['0044_c1_070762178.jpg']
0088,['0088_c3_069625588.jpg']
0143,['0143_c6_075101843.jpg']
0148,['0148_c2_011228161.jpg']
0172,['0172_c4_072230119.jpg']
0248,['0248_c5_004113892.jpg']
0269,['0269_c5_092659038.jpg']
0295,['0295_c3_096682167.jpg']
0313,['0313_c3_032955044.jpg']
0334,['0334_c3_087415083.jpg']
0379,['0379_c2_044509330.jpg']
0422,['0422_c4_060335013.jpg']
0429,['0429_c6_007101382.jpg']
0443,['0443_c6_000297501.jpg']
0449,"['0449_c3_058367497.jpg', '0449_c3_020284377.jpg']"
0450,['0450_c6_062560143.jpg']
0451,['0451_c6_002504296.jpg']
0466,"['0466_c6_050288384.jpg', '0466_c6_025365462.jpg']"
0473,['0473_c3_063193775.jpg']
0490,['0490_c5_042403103.jpg']
0491,['0491_c6_047254122.jpg']
0518,['0518_c1_054502285.jpg']
0532,['0532_c3_004648674.jpg']
0545,['0545_c6_076150153.jpg']
0556,['0556_c1_016713959.jpg']
0564,['0564_c5_083179150.jpg']
0651,['0651_c3_043038218.jpg']
0657,['0657_c4_067552654.jpg']
0658,['0658_c3_094520121.jpg']
0660,['0660_c3_075440760.jpg']
0664,['0664_c2_087533567.jpg']
0680,['0680_c2_062548183.jpg']
0697,['0697_c2_065623866.jpg']
0699,['0699_c1_026130473.jpg']
0700,['0700_c5_048581147.jpg']
0719,['0719_c2_086893879.jpg']
0729,['0729_c3_028321969.jpg']
0731,"['0731_c3_075537829.jpg', '0731_c1_043191837.jpg', '0731_c4_026324385.jpg']"
0759,['0759_c3_012171889.jpg']
0802,"['0802_c1_065985999.jpg', '0802_c2_030000890.jpg']"
0854,['0854_c6_074571946.jpg']
0872,['0872_c6_069796334.jpg']
0875,['0875_c6_051063667.jpg']
0897,['0897_c1_032807371.jpg']
0902,['0902_c5_040050204.jpg']
0935,['0935_c1_036101492.jpg']
0940,['0940_c2_087271628.jpg']
0959,['0959_c5_014086830.jpg']
0968,['0968_c6_074114793.jpg']
0974,['0974_c3_008477995.jpg']
0983,['0983_c6_076707822.jpg']
1017,['1017_c6_015112419.jpg']
1028,['1028_c5_091495559.jpg']
1033,['1033_c1_035939424.jpg']
1039,['1039_c6_056485913.jpg']
1043,['1043_c2_033656088.jpg']
1055,['1055_c6_065179932.jpg']
1068,['1068_c1_097125536.jpg']
1089,['1089_c5_047241399.jpg']
1104,['1104_c3_041716246.jpg']
1109,['1109_c3_046382397.jpg']
1113,['1113_c2_002449366.jpg']
1117,"['1117_c2_092903449.jpg', '1117_c3_080458230.jpg']"
1153,['1153_c2_066859367.jpg']
1163,['1163_c2_085888600.jpg']
1183,['1183_c6_076005410.jpg']
1189,"['1189_c1_007471271.jpg', '1189_c1_014562447.jpg']"
1204,['1204_c2_032227180.jpg']
1247,['1247_c6_048938708.jpg']
1277,['1277_c5_044383604.jpg']
1288,['1288_c6_020317724.jpg']
1294,['1294_c3_020883142.jpg']
1299,['1299_c1_015321750.jpg']
1304,['1304_c5_079472034.jpg']
1324,['1324_c5_009024526.jpg']
1330,['1330_c6_034838380.jpg']
1365,['1365_c3_077499866.jpg']
1369,['1369_c4_037505756.jpg']
1371,['1371_c3_028961326.jpg']
1398,"['1398_c3_006240187.jpg', '1398_c6_055215392.jpg', '1398_c1_086083804.jpg']"
1402,['1402_c5_005605777.jpg']
1406,['1406_c1_038563683.jpg']
1411,['1411_c1_087705515.jpg']
1423,['1423_c4_048729561.jpg']
1426,['1426_c1_047929780.jpg']
1466,['1466_c6_023737857.jpg']
1467,['1467_c5_082553676.jpg']
1487,['1487_c5_058775167.jpg']
